{
  "allowed_clusters": [
    3
  ],
  "artifact_version": 1,
  "centroids": [
    [
      -0.18244721741970044,
      -0.29669906000566043,
      -0.15522055624312364,
      -0.06245635369632248,
      -0.5579668264962216,
      -0.9744094284385193,
      -0.8134488716063503,
      -0.13315179712664388,
      0.41300750886097926,
      0.38270492538337486,
      0.23055944980536175,
      -0.04195510296583549,
      -0.09353212695895313,
      -0.12266765561056674,
      0.042536569307734085
    ],
    [
      -0.2722700440450805,
      -0.3763260687788713,
      -0.266810860687554,
      0.04117620447410429,
      0.4600188225925314,
      0.8045431517806133,
      0.6548386989598312,
      0.1055086648599715,
      0.39508840036539955,
      0.14417367027702005,
      -0.062497032918599274,
      -0.5278144017307036,
      -0.5482231301270991,
      -0.5078834054963931,
      0.20605245879783265
    ],
    [
      -0.6384254264624448,
      -0.44932752773074464,
      -0.6263656998053122,
      -0.03850433332948427,
      0.1593806967126592,
      -0.05147874614741216,
      -0.039173740235995236,
      -0.04437109859042182,
      -1.7615009869131935,
      -1.6731468250964125,
      -1.356132923060889,
      -0.8394206912709974,
      -0.8651680025465697,
      -0.8090144498749218,
      0.2156726133527114
    ],
    [
      0.9262958478636348,
      1.0018041050632014,
      0.8862785824190973,
      0.04374343629548536,
      -0.07741350295956897,
      0.10729926253184635,
      0.1043094478816415,
      0.04687991860933152,
      0.5038549360021934,
      0.7288044787473018,
      0.8522778302215663,
      1.2105336201465835,
      1.298995571052944,
      1.2425690445681425,
      -0.41419932320295577
    ]
  ],
  "cluster_profiles": [
    {
      "cluster_id": 0,
      "entry_score": 0.14196838863218172,
      "pair_rank1_count_12h": 3.7937062937062938,
      "pair_rank1_count_3h": 1.7692307692307692,
      "pair_rank1_count_6h": 2.620629370629371,
      "pair_return_1h_known": -0.0053075654118315,
      "pair_top3_count_12h": 8.655594405594405,
      "pair_top3_count_3h": 2.9423076923076925,
      "pair_top3_count_6h": 5.3671328671328675,
      "positions_at_entry": 2.4615384615384617,
      "score_gap_rank1_median": 0.14368759415209167,
      "score_gap_rank1_rank2": 0.024735777629319087,
      "score_gap_rank1_rank2_trailing_median": 0.035114089959622216,
      "universe_breadth_1h": 0.1737762237762238,
      "universe_return_1h": -0.006882324279278312,
      "universe_volatility_1h": 0.0062295247506414
    },
    {
      "cluster_id": 1,
      "entry_score": 0.13811526730419482,
      "pair_rank1_count_12h": 2.3421875,
      "pair_rank1_count_3h": 1.3234375,
      "pair_rank1_count_6h": 1.7046875,
      "pair_return_1h_known": 0.016252413529127232,
      "pair_top3_count_12h": 7.534375,
      "pair_top3_count_3h": 2.93125,
      "pair_top3_count_6h": 4.9703125,
      "positions_at_entry": 2.571875,
      "score_gap_rank1_median": 0.13825325881946537,
      "score_gap_rank1_rank2": 0.0216278753113861,
      "score_gap_rank1_rank2_trailing_median": 0.03536941342759838,
      "universe_breadth_1h": 0.795,
      "universe_return_1h": 0.006794755986853078,
      "universe_volatility_1h": 0.00727177266782896
    },
    {
      "cluster_id": 2,
      "entry_score": 0.1224083343746214,
      "pair_rank1_count_12h": 1.2075055187637969,
      "pair_rank1_count_3h": 1.0375275938189845,
      "pair_rank1_count_6h": 1.0662251655629138,
      "pair_return_1h_known": 0.009885180681963361,
      "pair_top3_count_12h": 2.5849889624724063,
      "pair_top3_count_3h": 1.6004415011037527,
      "pair_top3_count_6h": 1.9470198675496688,
      "positions_at_entry": 2.5783664459161146,
      "score_gap_rank1_median": 0.1207433006204767,
      "score_gap_rank1_rank2": 0.018778573209190977,
      "score_gap_rank1_rank2_trailing_median": 0.035173101461538826,
      "universe_breadth_1h": 0.49607064017660046,
      "universe_return_1h": 0.00033003883821253855,
      "universe_volatility_1h": 0.0066172366379209265
    },
    {
      "cluster_id": 3,
      "entry_score": 0.18953003540509325,
      "pair_rank1_count_12h": 8.938009787928221,
      "pair_rank1_count_3h": 2.9184339314845023,
      "pair_rank1_count_6h": 5.425774877650897,
      "pair_return_1h_known": 0.004870102166029083,
      "pair_top3_count_12h": 11.03425774877651,
      "pair_top3_count_3h": 2.99836867862969,
      "pair_top3_count_6h": 5.942903752039152,
      "positions_at_entry": 2.1533442088091355,
      "score_gap_rank1_median": 0.19440755227309894,
      "score_gap_rank1_rank2": 0.07541733730029544,
      "score_gap_rank1_rank2_trailing_median": 0.035375738414101715,
      "universe_breadth_1h": 0.5515171288743882,
      "universe_return_1h": 0.0016665829322067558,
      "universe_volatility_1h": 0.007015736589802453
    }
  ],
  "cluster_summary": [
    {
      "allowed": false,
      "cluster_id": 0,
      "entries": 572,
      "mean_return": -0.00020875069817676226,
      "median_return": -0.017622757861550147,
      "total_pnl": -961.7660172187898,
      "win_rate": 0.40384615384615385
    },
    {
      "allowed": false,
      "cluster_id": 1,
      "entries": 640,
      "mean_return": -0.0027586166070858076,
      "median_return": -0.01810740441990224,
      "total_pnl": -351362.86879980774,
      "win_rate": 0.3359375
    },
    {
      "allowed": false,
      "cluster_id": 2,
      "entries": 453,
      "mean_return": -0.0010488546605509933,
      "median_return": -0.01793685333909972,
      "total_pnl": -90398.65218278144,
      "win_rate": 0.36644591611479027
    },
    {
      "allowed": true,
      "cluster_id": 3,
      "entries": 613,
      "mean_return": 0.001584927238652426,
      "median_return": -0.01774458000150928,
      "total_pnl": 220253.07430037233,
      "win_rate": 0.4078303425774878
    }
  ],
  "config": {
    "feature_columns": [
      "entry_score",
      "score_gap_rank1_rank2",
      "score_gap_rank1_median",
      "score_gap_rank1_rank2_trailing_median",
      "pair_return_1h_known",
      "universe_breadth_1h",
      "universe_return_1h",
      "universe_volatility_1h",
      "pair_top3_count_3h",
      "pair_top3_count_6h",
      "pair_top3_count_12h",
      "pair_rank1_count_3h",
      "pair_rank1_count_6h",
      "pair_rank1_count_12h",
      "positions_at_entry"
    ],
    "lookback_months": 24,
    "min_cluster_mean_return": 0.0,
    "min_cluster_trades": 50,
    "n_clusters": 4,
    "random_seed": 42,
    "require_better_than_training_average": true
  },
  "kind": "cluster_regime_gate",
  "means": {
    "entry_score": 0.1497948097222644,
    "pair_rank1_count_12h": 4.255926251097454,
    "pair_rank1_count_3h": 1.8077260755048288,
    "pair_rank1_count_6h": 2.809043020193152,
    "pair_return_1h_known": 0.0065096473747932575,
    "pair_top3_count_12h": 7.773485513608429,
    "pair_top3_count_3h": 2.6874451273046533,
    "pair_top3_count_6h": 4.730465320456541,
    "positions_at_entry": 2.4328358208955225,
    "score_gap_rank1_median": 0.15124667876380155,
    "score_gap_rank1_rank2": 0.036316166124715644,
    "score_gap_rank1_rank2_trailing_median": 0.03526796604938029,
    "universe_breadth_1h": 0.5140474100087796,
    "universe_return_1h": 0.0006949417361684795,
    "universe_volatility_1h": 0.006811008512425152
  },
  "metadata": {
    "as_of": "2026-07-11T23:00:00+00:00",
    "deployment_policy": "v1_fixed_regime",
    "feature_path": "/home/weiyuanoh/projects/Roostoo-bot-v2/data/features/live_1h_features_30m.csv",
    "fee_bps": 10.0,
    "horizon": 24,
    "initial_cash": 1000000.0,
    "max_new_entries": 1,
    "max_positions": 3,
    "model": "momentum_only",